Workbook

Sheet README
A1: CRM Module — Indian News & Business Magazine Reader Survey: Analysis Workbook
A3: Prepared by: Aishwarya | Outlook Live Project Program — MBA Business Analytics
A5: 133 survey responses were collected via the Google Form built for this module (20 questions across
A6: 6 sections: screening, demographics, acquisition, retention, development, NPS, international comparison).
A7: 10 respondents screened out at Q1 (do not read any Indian news/business magazine) and are excluded
A8: from all magazine-specific and NPS analysis below, leaving 123 valid responses.
A10: NPS methodology: Promoters score 9-10, Passives score 7-8, Detractors score 0-6 on the 0-10
A11: recommendation-likelihood question. NPS = %Promoters - %Detractors. All summary tables below use
A12: live COUNTIFS/AVERAGEIFS formulas referencing the Raw Data sheet.
A14: Sheet guide:
A15: Raw Data - all 133 responses, plus a derived NPS Bucket helper column.
A16: Data Dictionary - question wording for every column (from the survey's own codebook).
... A24: Final Results - all headline numbers and recommendations in one place.

Sheet Raw Data
A1: Respondent ID | B1: Read/read in past Indian news or business magazine? | C1: Age bracket | D1: Gender | E1: Region | F1: Occupation | G1: Magazine(s) currently read/subscribe to | H1: How first discovered magazine | I1: Primary reason first started reading/subscribing | J1: Length of reading/subscription | K1: Current access | L1: Typical issue reading depth | M1: Seriously considered cancelling/not renewing? | N1: Main cancellation/non-renewal reason | O1: Subscribed to >1 magazine from same publisher? | P1: Interested in bundled offer? | Q1: Promotional offers likely to upgrade/renew | R1: Likelihood to recommend (0-10) | S1: Main reason for recommendation score | T1: One thing that would improve experience | U1: International publication subscription? | V1: International publication | W1: NPS Bucket (derived)
A2: R-001 | B2: Yes | C2: 18-25 | D2: Male | E2: East India | F2: Student | G2: India Today | H2: Bundled with another subscription | I2: Content quality | J2: 6 months to 1 year | K2: Digital only | L2: Only read specific sections | M2: No | N2: Not applicable | O2: No | P2: Yes | Q2: Discounted multi-title bundle; A price-lock guarantee against future increases | R2: 10 | S2: I trust the magazine and enjoy the depth of analysis | T2: Faster delivery of digital content | U2: Yes, currently | V2: Financial Times | W2: =IF(B2<>"Yes","Excluded",IF(R2>=9,"Promoter",IF(R2>=7,"Passive","Detractor"))) -> Promoter
A3: R-002 | B3: Yes | C3: 51-65 | D3: Male | E3: South India | F3: Salaried professional | G3: Business Today | H3: Family or friend recommendation | I3: Content quality | J3: 1-3 years | K3: Print only | L3: Skim most articles | M3: Yes | N3: Price increase | O3: No | P3: Maybe, depends on price | Q3: Exclusive extra digital content | R3: 5 | S3: Some articles are valuable but digital alternatives are convenient | T3: More interactive content and data visualisations | U3: Yes, in the past | V3: The New York Times | W3: =IF(B3<>"Yes","Excluded",IF(R3>=9,"Promoter",IF(R3>=7,"Passive","Detractor"))) -> Detractor
A4: R-003 | B4: Yes | C4: 26-35 | D4: Male | E4: West India | F4: Salaried professional | G4: Forbes India | H4: Social media | I4: Price or promotional offer | J4: 6 months to 1 year | K4: Both print and digital | L4: Skim most articles | M4: No | N4: Not applicable | O4: No | P4: Yes | Q4: Extra free months on renewal | R4: 8 | S4: I find the magazine useful for staying updated | T4: Improved customer service | U4: No | V4: Not applicable | W4: =IF(B4<>"Yes","Excluded",IF(R4>=9,"Promoter",IF(R4>=7,"Passive","Detractor"))) -> Passive
A5: R-004 | B5: Yes | C5: 65+ | D5: Female | E5: Central India | F5: Retired | G5: Open Magazine | H5: Online search | I5: Influenced by family, friends, or colleagues | J5: More than 5 years | K5: Print only | L5: Skim most articles | M5: No | N5: Not applicable | O5: No | P5: Maybe, depends on price | Q5: Referral rewards; Exclusive extra digital content; A price-lock guarantee against future increases | R5: 9 | S5: Good mix of business news, trends and practical insights | T5: More current business and market coverage | U5: No | V5: Not applicable | W5: =IF(B5<>"Yes","Excluded",IF(R5>=9,"Promoter",IF(R5>=7,"Passive","Detractor"))) -> Promoter
A6: R-005 | B6: Yes | C6: 18-25 | D6: Male | E6: West India | F6: Salaried professional | G6: Outlook | H6: Online search | I6: Other | J6: More than 5 years | K6: Digital only | L6: Read it cover-to-cover | M6: No | N6: Not applicable | O6: No | P6: Yes | Q6: Referral rewards; Extra free months on renewal; Discounted multi-title bundle | R6: 7 | S6: Good content and useful analysis, but there is room for improvement | T6: More regional and local business stories | U6: Yes, currently | V6: The Economist | W6: =IF(B6<>"Yes","Excluded",IF(R6>=9,"Promoter",IF(R6>=7,"Passive","Detractor"))) -> Passive
A7: R-006 | B7: Yes | C7: 18-25 | D7: Male | E7: Central India | F7: Salaried professional | G7: India Today | H7: Bundled with another subscription | I7: Content quality | J7: 6 months to 1 year | K7: Both print and digital | L7: Read it cover-to-cover | M7: Yes | N7: Price increase | O7: No | P7: Maybe, depends on price | Q7: A price-lock guarantee against future increases | R7: 8 | S7: I find the magazine useful for staying updated | T7: More exclusive interviews and expert opinions | U7: Yes, currently | V7: Financial Times | W7: =IF(B7<>"Yes","Excluded",IF(R7>=9,"Promoter",IF(R7>=7,"Passive","Detractor"))) -> Passive
A8: R-007 | B8: Yes | C8: 18-25 | D8: Female | E8: West India | F8: Freelancer | G8: The Week | H8: Bundled with another subscription | I8: Content quality | J8: Less than 6 months | K8: Both print and digital | L8: Skim most articles | M8: No | N8: Not applicable | O8: No | P8: No | Q8: Extra free months on renewal; Exclusive extra digital content | R8: 10 | S8: I trust the magazine and enjoy the depth of analysis | T8: More regional and local business stories | U8: No | V8: Not applicable | W8: =IF(B8<>"Yes","Excluded",IF(R8>=9,"Promoter",IF(R8>=7,"Passive","Detractor"))) -> Promoter
A9: R-008 | B9: Yes | C9: 26-35 | D9: Female | E9: West India | F9: Business owner or self-employed | G9: Outlook; India Today | H9: Social media | I9: Price or promotional offer | J9: Less than 6 months | K9: Both print and digital | L9: Read it cover-to-cover | M9: Yes | N9: Switched to another source | O9: No | P9: Yes | Q9: A price-lock guarantee against future increases; Free gift or merchandise; Discounted multi-title bundle | R9: 7 | S9: Generally informative, although some issues are stronger than others | T9: More regional and local business stories | U9: Yes, in the past | V9: The New York Times | W9: =IF(B9<>"Yes","Excluded",IF(R9>=9,"Promoter",IF(R9>=7,"Passive","Detractor"))) -> Passive
A10: R-009 | B10: Yes | C10: 26-35 | D10: Female | E10: West India | F10: Business owner or self-employed | G10: India Today | H10: Family or friend recommendation | I10: Habit or brand legacy | J10: 1-3 years | K10: Print only | L10: Skim most articles | M10: No | N10: Not applicable | O10: Yes | P10: Maybe, depends on price | Q10: Exclusive extra digital content; Extra free months on renewal | R10: 6 | S10: I mainly read selected sections | T10: More regional and local business stories | U10: No | V10: Not applicable | W10: =IF(B10<>"Yes","Excluded",IF(R10>=9,"Promoter",IF(R10>=7,"Passive","Detractor"))) -> Detractor
A11: R-010 | B11: Yes | C11: 51-65 | D11: Male | E11: North India | F11: Salaried professional | G11: India Today; Frontline | H11: Promotional offer or discount | I11: Price or promotional offer | J11: 1-3 years | K11: Print only | L11: Skim most articles | M11: No | N11: Not applicable | O11: No | P11: Yes | Q11: Free gift or merchandise | R11: 8 | S11: Good content and useful analysis, but there is room for improvement | T11: A better digital reading experience | U11: Yes, in the past | V11: The Economist | W11: =IF(B11<>"Yes","Excluded",IF(R11>=9,"Promoter",IF(R11>=7,"Passive","Detractor"))) -> Passive
A12: R-011 | B12: Yes | C12: 36-50 | D12: Other | E12: East India | F12: Salaried professional | G12: Open Magazine | H12: Promotional offer or discount | I12: Price or promotional offer | J12: More than 5 years | K12: Both print and digital | L12: Skim most articles | M12: Yes | N12: Decline in content quality | O12: No | P12: Yes | Q12: A price-lock guarantee against future increases; Referral rewards | R12: 5 | S12: The content is decent but the price matters to me | T12: More current business and market coverage | U12: No | V12: Not applicable | W12: =IF(B12<>"Yes","Excluded",IF(R12>=9,"Promoter",IF(R12>=7,"Passive","Detractor"))) -> Detractor
A13: R-012 | B13: Yes | C13: 36-50 | D13: Male | E13: South India | F13: Salaried professional | G13: India Today; Frontline | H13: Newsstand or vendor | I13: Price or promotional offer | J13: More than 5 years | K13: Both print and digital | L13: Read it cover-to-cover | M13: No | N13: Not applicable | O13: No | P13: Yes | Q13: Extra free months on renewal | R13: 7 | S13: Generally informative, although some issues are stronger than others | T13: Improved customer service | U13: No | V13: Not applicable | W13: =IF(B13<>"Yes","Excluded",IF(R13>=9,"Promoter",IF(R13>=7,"Passive","Detractor"))) -> Passive
... A134: R-133 | B134: Yes | C134: 18-25 | D134: Female | E134: South India | F134: Student | G134: Outlook | H134: Social media | I134: Content quality | J134: Less than 6 months | K134: Digital only | L134: Read it cover-to-cover | M134: No | N134: Not applicable | O134: No | P134: Maybe, depends on price | Q134: A price-lock guarantee against future increases | R134: 7 | S134: I find the magazine useful for staying updated | T134: More regional and local business stories | U134: Yes, in the past | V134: The Economist | W134: =IF(B134<>"Yes","Excluded",IF(R134>=9,"Promoter",IF(R134>=7,"Passive","Detractor"))) -> Passive

Sheet Data Dictionary
A1: Column | B1: Description
A2: Synthetic Respondent ID | B2: Synthetic identifier only; not a real respondent ID.
A3: Read/read in past Indian news or business magazine? | B3: Whether respondent currently reads or has read an Indian news/business magazine.
A4: Age bracket | B4: Age category from survey.
A5: Gender | B5: Gender category from survey.
A6: Region | B6: Region category from survey.
A7: Occupation | B7: Occupation category from survey.
A8: Magazine(s) currently read/subscribe to | B8: Selected magazine titles; multiple selections separated by semicolons.
A9: How first discovered magazine | B9: First discovery channel.
A10: Primary reason first started reading/subscribing | B10: Primary initial reading/subscription reason.
A11: Length of reading/subscription | B11: Length of reading/subscription.
A12: Current access | B12: Current access format.
... A23: International publication | B23: International publication named when applicable.

Sheet Overall NPS
B2: Overall Net Promoter Score
B4: Promoters score 9-10, Passives score 7-8, Detractors score 0-6 on 'How likely are you to recommend this magazine to a friend or colleague?' (0-10 scale). NPS = %Promoters - %Detractors. Screened-out respondents (answered 'No' to reading any Indian news/business magazine) are excluded.
B7: n (valid respondents) | C7: =COUNTIF('Raw Data'!$B$2:$B$134,"Yes") -> 123
B8: Promoters (9-10) | C8: =COUNTIF('Raw Data'!$W$2:$W$134,"Promoter") -> 50
B9: Passives (7-8) | C9: =COUNTIF('Raw Data'!$W$2:$W$134,"Passive") -> 37
B10: Detractors (0-6) | C10: =COUNTIF('Raw Data'!$W$2:$W$134,"Detractor") -> 36
B11: NPS score | C11: =(C8-C10)/C7*100 -> 11.382114
B14: Interpretation
B15: A positive but modest overall NPS indicates promoters outnumber detractors, but a large passive middle (score 7-8) means the base is only lightly loyal - satisfied enough not to complain, not enthusiastic enough to actively advocate. This is the group most winnable with a well-targeted retention or development offer (see Lifecycle - Development).

Sheet Segment Comparison
B2: Segment Comparison — Competitor Analysis (6 Titles)
B4: Respondents could select more than one magazine, so segment n's overlap (they are not mutually exclusive). Magazine text is matched with a wildcard COUNTIFS (e.g. *India Today*) against the multi-select field on Raw Data.
B7: Magazine | C7: n (mentions) | D7: Promoters | E7: Passives | F7: Detractors | G7: NPS | H7: Churn consideration % | I7: Bundle interest (Yes) % | J7: Multi-title %
B8: India Today | C8: =COUNTIFS('Raw Data'!$G$2:$G$134,"*India Today*",'Raw Data'!$B$2:$B$134,"Yes") -> 46 | D8: =COUNTIFS('Raw Data'!$G$2:$G$134,"*India Today*",'Raw Data'!$W$2:$W$134,"Promoter") -> 17 | E8: =COUNTIFS('Raw Data'!$G$2:$G$134,"*India Today*",'Raw Data'!$W$2:$W$134,"Passive") -> 19 | F8: =COUNTIFS('Raw Data'!$G$2:$G$134,"*India Today*",'Raw Data'!$W$2:$W$134,"Detractor") -> 10 | G8: =(D8-F8)/C8*100 -> 15.217391 | H8: =COUNTIFS('Raw Data'!$G$2:$G$134,"*India Today*",'Raw Data'!$M$2:$M$134,"Yes")/C8*100 -> 39.130435 | I8: =COUNTIFS('Raw Data'!$G$2:$G$134,"*India Today*",'Raw Data'!$P$2:$P$134,"Yes")/C8*100 -> 47.826087 | J8: =COUNTIFS('Raw Data'!$G$2:$G$134,"*India Today*",'Raw Data'!$O$2:$O$134,"Yes")/C8*100 -> 30.434783
B9: Business Today | C9: =COUNTIFS('Raw Data'!$G$2:$G$134,"*Business Today*",'Raw Data'!$B$2:$B$134,"Yes") -> 45 | D9: =COUNTIFS('Raw Data'!$G$2:$G$134,"*Business Today*",'Raw Data'!$W$2:$W$134,"Promoter") -> 15 | E9: =COUNTIFS('Raw Data'!$G$2:$G$134,"*Business Today*",'Raw Data'!$W$2:$W$134,"Passive") -> 14 | F9: =COUNTIFS('Raw Data'!$G$2:$G$134,"*Business Today*",'Raw Data'!$W$2:$W$134,"Detractor") -> 16 | G9: =(D9-F9)/C9*100 -> -2.2222222 | H9: =COUNTIFS('Raw Data'!$G$2:$G$134,"*Business Today*",'Raw Data'!$M$2:$M$134,"Yes")/C9*100 -> 53.333333 | I9: =COUNTIFS('Raw Data'!$G$2:$G$134,"*Business Today*",'Raw Data'!$P$2:$P$134,"Yes")/C9*100 -> 53.333333 | J9: =COUNTIFS('Raw Data'!$G$2:$G$134,"*Business Today*",'Raw Data'!$O$2:$O$134,"Yes")/C9*100 -> 17.777778
B10: Outlook | C10: =COUNTIFS('Raw Data'!$G$2:$G$134,"*Outlook*",'Raw Data'!$B$2:$B$134,"Yes") -> 30 | D10: =COUNTIFS('Raw Data'!$G$2:$G$134,"*Outlook*",'Raw Data'!$W$2:$W$134,"Promoter") -> 11 | E10: =COUNTIFS('Raw Data'!$G$2:$G$134,"*Outlook*",'Raw Data'!$W$2:$W$134,"Passive") -> 12 | F10: =COUNTIFS('Raw Data'!$G$2:$G$134,"*Outlook*",'Raw Data'!$W$2:$W$134,"Detractor") -> 7 | G10: =(D10-F10)/C10*100 -> 13.333333 | H10: =COUNTIFS('Raw Data'!$G$2:$G$134,"*Outlook*",'Raw Data'!$M$2:$M$134,"Yes")/C10*100 -> 26.666667 | I10: =COUNTIFS('Raw Data'!$G$2:$G$134,"*Outlook*",'Raw Data'!$P$2:$P$134,"Yes")/C10*100 -> 50 | J10: =COUNTIFS('Raw Data'!$G$2:$G$134,"*Outlook*",'Raw Data'!$O$2:$O$134,"Yes")/C10*100 -> 20
B11: The Week | C11: =COUNTIFS('Raw Data'!$G$2:$G$134,"*The Week*",'Raw Data'!$B$2:$B$134,"Yes") -> 26 | D11: =COUNTIFS('Raw Data'!$G$2:$G$134,"*The Week*",'Raw Data'!$W$2:$W$134,"Promoter") -> 14 | E11: =COUNTIFS('Raw Data'!$G$2:$G$134,"*The Week*",'Raw Data'!$W$2:$W$134,"Passive") -> 3 | F11: =COUNTIFS('Raw Data'!$G$2:$G$134,"*The Week*",'Raw Data'!$W$2:$W$134,"Detractor") -> 9 | G11: =(D11-F11)/C11*100 -> 19.230769 | H11: =COUNTIFS('Raw Data'!$G$2:$G$134,"*The Week*",'Raw Data'!$M$2:$M$134,"Yes")/C11*100 -> 26.923077 | I11: =COUNTIFS('Raw Data'!$G$2:$G$134,"*The Week*",'Raw Data'!$P$2:$P$134,"Yes")/C11*100 -> 38.461538 | J11: =COUNTIFS('Raw Data'!$G$2:$G$134,"*The Week*",'Raw Data'!$O$2:$O$134,"Yes")/C11*100 -> 30.769231
B12: Forbes India | C12: =COUNTIFS('Raw Data'!$G$2:$G$134,"*Forbes India*",'Raw Data'!$B$2:$B$134,"Yes") -> 25 | D12: =COUNTIFS('Raw Data'!$G$2:$G$134,"*Forbes India*",'Raw Data'!$W$2:$W$134,"Promoter") -> 9 | E12: =COUNTIFS('Raw Data'!$G$2:$G$134,"*Forbes India*",'Raw Data'!$W$2:$W$134,"Passive") -> 5 | F12: =COUNTIFS('Raw Data'!$G$2:$G$134,"*Forbes India*",'Raw Data'!$W$2:$W$134,"Detractor") -> 11 | G12: =(D12-F12)/C12*100 -> -8 | H12: =COUNTIFS('Raw Data'!$G$2:$G$134,"*Forbes India*",'Raw Data'!$M$2:$M$134,"Yes")/C12*100 -> 40 | I12: =COUNTIFS('Raw Data'!$G$2:$G$134,"*Forbes India*",'Raw Data'!$P$2:$P$134,"Yes")/C12*100 -> 44 | J12: =COUNTIFS('Raw Data'!$G$2:$G$134,"*Forbes India*",'Raw Data'!$O$2:$O$134,"Yes")/C12*100 -> 24
B13: Frontline | C13: =COUNTIFS('Raw Data'!$G$2:$G$134,"*Frontline*",'Raw Data'!$B$2:$B$134,"Yes") -> 13 | D13: =COUNTIFS('Raw Data'!$G$2:$G$134,"*Frontline*",'Raw Data'!$W$2:$W$134,"Promoter") -> 6 | E13: =COUNTIFS('Raw Data'!$G$2:$G$134,"*Frontline*",'Raw Data'!$W$2:$W$134,"Passive") -> 5 | F13: =COUNTIFS('Raw Data'!$G$2:$G$134,"*Frontline*",'Raw Data'!$W$2:$W$134,"Detractor") -> 2 | G13: =(D13-F13)/C13*100 -> 30.769231 | H13: =COUNTIFS('Raw Data'!$G$2:$G$134,"*Frontline*",'Raw Data'!$M$2:$M$134,"Yes")/C13*100 -> 15.384615 | I13: =COUNTIFS('Raw Data'!$G$2:$G$134,"*Frontline*",'Raw Data'!$P$2:$P$134,"Yes")/C13*100 -> 53.846154 | J13: =COUNTIFS('Raw Data'!$G$2:$G$134,"*Frontline*",'Raw Data'!$O$2:$O$134,"Yes")/C13*100 -> 15.384615

Sheet Lifecycle - Acquisition
B2: Customer Lifecycle — Acquisition
B4: How readers first discovered their magazine, and their primary reason for starting to read or subscribe.
B7: Category | C7: Count | D7: % of respondents
B8: Family or friend recommendation | C8: =COUNTIFS('Raw Data'!$H$2:$H$134,B8,'Raw Data'!$B$2:$B$134,"Yes") -> 30 | D8: =C8/COUNTIF('Raw Data'!$B$2:$B$134,"Yes") -> 0.24390244
B9: Social media | C9: =COUNTIFS('Raw Data'!$H$2:$H$134,B9,'Raw Data'!$B$2:$B$134,"Yes") -> 29 | D9: =C9/COUNTIF('Raw Data'!$B$2:$B$134,"Yes") -> 0.23577236
B10: Online search | C10: =COUNTIFS('Raw Data'!$H$2:$H$134,B10,'Raw Data'!$B$2:$B$134,"Yes") -> 23 | D10: =C10/COUNTIF('Raw Data'!$B$2:$B$134,"Yes") -> 0.18699187
B11: Newsstand or vendor | C11: =COUNTIFS('Raw Data'!$H$2:$H$134,B11,'Raw Data'!$B$2:$B$134,"Yes") -> 17 | D11: =C11/COUNTIF('Raw Data'!$B$2:$B$134,"Yes") -> 0.13821138
B12: Bundled with another subscription | C12: =COUNTIFS('Raw Data'!$H$2:$H$134,B12,'Raw Data'!$B$2:$B$134,"Yes") -> 14 | D12: =C12/COUNTIF('Raw Data'!$B$2:$B$134,"Yes") -> 0.11382114
B13: Promotional offer or discount | C13: =COUNTIFS('Raw Data'!$H$2:$H$134,B13,'Raw Data'!$B$2:$B$134,"Yes") -> 9 | D13: =C13/COUNTIF('Raw Data'!$B$2:$B$134,"Yes") -> 0.073170732
B14: Other | C14: =COUNTIFS('Raw Data'!$H$2:$H$134,B14,'Raw Data'!$B$2:$B$134,"Yes") -> 1 | D14: =C14/COUNTIF('Raw Data'!$B$2:$B$134,"Yes") -> 0.0081300813
B17: Primary reason first started reading/subscribing
B18: Category | C18: Count | D18: % of respondents
B19: Content quality | C19: =COUNTIFS('Raw Data'!$I$2:$I$134,B19,'Raw Data'!$B$2:$B$134,"Yes") -> 52 | D19: =C19/COUNTIF('Raw Data'!$B$2:$B$134,"Yes") -> 0.42276423
B20: Price or promotional offer | C20: =COUNTIFS('Raw Data'!$I$2:$I$134,B20,'Raw Data'!$B$2:$B$134,"Yes") -> 21 | D20: =C20/COUNTIF('Raw Data'!$B$2:$B$134,"Yes") -> 0.17073171
B21: Influenced by family, friends, or colleagues | C21: =COUNTIFS('Raw Data'!$I$2:$I$134,B21,'Raw Data'!$B$2:$B$134,"Yes") -> 15 | D21: =C21/COUNTIF('Raw Data'!$B$2:$B$134,"Yes") -> 0.12195122
B22: Convenience of access | C22: =COUNTIFS('Raw Data'!$I$2:$I$134,B22,'Raw Data'!$B$2:$B$134,"Yes") -> 15 | D22: =C22/COUNTIF('Raw Data'!$B$2:$B$134,"Yes") -> 0.12195122
B23: Habit or brand legacy | C23: =COUNTIFS('Raw Data'!$I$2:$I$134,B23,'Raw Data'!$B$2:$B$134,"Yes") -> 11 | D23: =C23/COUNTIF('Raw Data'!$B$2:$B$134,"Yes") -> 0.089430894
B24: Other | C24: =COUNTIFS('Raw Data'!$I$2:$I$134,B24,'Raw Data'!$B$2:$B$134,"Yes") -> 9 | D24: =C24/COUNTIF('Raw Data'!$B$2:$B$134,"Yes") -> 0.073170732
B27: NPS by discovery channel (does acquisition channel predict loyalty?)
B28: Discovery channel | C28: n | D28: NPS
B29: Family or friend recommendation | C29: =COUNTIFS('Raw Data'!$H$2:$H$134,B29,'Raw Data'!$B$2:$B$134,"Yes") -> 30 | D29: =(COUNTIFS('Raw Data'!$H$2:$H$134,B29,'Raw Data'!$W$2:$W$134,"Promoter")-COUNTIFS('Raw Data'!$H$2:$H$134,B29,'Raw Data'!$W$2:$W$134,"Detractor"))/C29*100 -> -36.666667
B30: Social media | C30: =COUNTIFS('Raw Data'!$H$2:$H$134,B30,'Raw Data'!$B$2:$B$134,"Yes") -> 29 | D30: =(COUNTIFS('Raw Data'!$H$2:$H$134,B30,'Raw Data'!$W$2:$W$134,"Promoter")-COUNTIFS('Raw Data'!$H$2:$H$134,B30,'Raw Data'!$W$2:$W$134,"Detractor"))/C30*100 -> 17.241379
B31: Online search | C31: =COUNTIFS('Raw Data'!$H$2:$H$134,B31,'Raw Data'!$B$2:$B$134,"Yes") -> 23 | D31: =(COUNTIFS('Raw Data'!$H$2:$H$134,B31,'Raw Data'!$W$2:$W$134,"Promoter")-COUNTIFS('Raw Data'!$H$2:$H$134,B31,'Raw Data'!$W$2:$W$134,"Detractor"))/C31*100 -> 39.130435
B32: Newsstand or vendor | C32: =COUNTIFS('Raw Data'!$H$2:$H$134,B32,'Raw Data'!$B$2:$B$134,"Yes") -> 17 | D32: =(COUNTIFS('Raw Data'!$H$2:$H$134,B32,'Raw Data'!$W$2:$W$134,"Promoter")-COUNTIFS('Raw Data'!$H$2:$H$134,B32,'Raw Data'!$W$2:$W$134,"Detractor"))/C32*100 -> 41.176471
B33: Bundled with another subscription | C33: =COUNTIFS('Raw Data'!$H$2:$H$134,B33,'Raw Data'!$B$2:$B$134,"Yes") -> 14 | D33: =(COUNTIFS('Raw Data'!$H$2:$H$134,B33,'Raw Data'!$W$2:$W$134,"Promoter")-COUNTIFS('Raw Data'!$H$2:$H$134,B33,'Raw Data'!$W$2:$W$134,"Detractor"))/C33*100 -> 35.714286
B34: Promotional offer or discount | C34: =COUNTIFS('Raw Data'!$H$2:$H$134,B34,'Raw Data'!$B$2:$B$134,"Yes") -> 9 | D34: =(COUNTIFS('Raw Data'!$H$2:$H$134,B34,'Raw Data'!$W$2:$W$134,"Promoter")-COUNTIFS('Raw Data'!$H$2:$H$134,B34,'Raw Data'!$W$2:$W$134,"Detractor"))/C34*100 -> -11.111111
B35: Other | C35: =COUNTIFS('Raw Data'!$H$2:$H$134,B35,'Raw Data'!$B$2:$B$134,"Yes") -> 1 | D35: =(COUNTIFS('Raw Data'!$H$2:$H$134,B35,'Raw Data'!$W$2:$W$134,"Promoter")-COUNTIFS('Raw Data'!$H$2:$H$134,B35,'Raw Data'!$W$2:$W$134,"Detractor"))/C35*100 -> 0

Sheet Lifecycle - Retention
B2: Customer Lifecycle — Retention
B4: 1. Subscription/reading tenure
B5: Category | C5: Count | D5: % of respondents
B6: Less than 6 months | C6: =COUNTIFS('Raw Data'!$J$2:$J$134,B6,'Raw Data'!$B$2:$B$134,"Yes") -> 19 | D6: =C6/COUNTIF('Raw Data'!$B$2:$B$134,"Yes") -> 0.15447154
B7: 6 months to 1 year | C7: =COUNTIFS('Raw Data'!$J$2:$J$134,B7,'Raw Data'!$B$2:$B$134,"Yes") -> 32 | D7: =C7/COUNTIF('Raw Data'!$B$2:$B$134,"Yes") -> 0.2601626
B8: 1-3 years | C8: =COUNTIFS('Raw Data'!$J$2:$J$134,B8,'Raw Data'!$B$2:$B$134,"Yes") -> 32 | D8: =C8/COUNTIF('Raw Data'!$B$2:$B$134,"Yes") -> 0.2601626
B9: 3-5 years | C9: =COUNTIFS('Raw Data'!$J$2:$J$134,B9,'Raw Data'!$B$2:$B$134,"Yes") -> 14 | D9: =C9/COUNTIF('Raw Data'!$B$2:$B$134,"Yes") -> 0.11382114
B10: More than 5 years | C10: =COUNTIFS('Raw Data'!$J$2:$J$134,B10,'Raw Data'!$B$2:$B$134,"Yes") -> 26 | D10: =C10/COUNTIF('Raw Data'!$B$2:$B$134,"Yes") -> 0.21138211
B13: 2. Current access mode
B14: Category | C14: Count | D14: % of respondents
B15: Digital only | C15: =COUNTIFS('Raw Data'!$K$2:$K$134,B15,'Raw Data'!$B$2:$B$134,"Yes") -> 52 | D15: =C15/COUNTIF('Raw Data'!$B$2:$B$134,"Yes") -> 0.42276423
B16: Both print and digital | C16: =COUNTIFS('Raw Data'!$K$2:$K$134,B16,'Raw Data'!$B$2:$B$134,"Yes") -> 50 | D16: =C16/COUNTIF('Raw Data'!$B$2:$B$134,"Yes") -> 0.40650407
B17: Print only | C17: =COUNTIFS('Raw Data'!$K$2:$K$134,B17,'Raw Data'!$B$2:$B$134,"Yes") -> 21 | D17: =C17/COUNTIF('Raw Data'!$B$2:$B$134,"Yes") -> 0.17073171
B20: 3. Churn risk: seriously considered cancelling?
B21: Category | C21: Count | D21: % of respondents
B22: Yes | C22: =COUNTIFS('Raw Data'!$M$2:$M$134,B22,'Raw Data'!$B$2:$B$134,"Yes") -> 46 | D22: =C22/COUNTIF('Raw Data'!$B$2:$B$134,"Yes") -> 0.37398374
B23: No | C23: =COUNTIFS('Raw Data'!$M$2:$M$134,B23,'Raw Data'!$B$2:$B$134,"Yes") -> 77 | D23: =C23/COUNTIF('Raw Data'!$B$2:$B$134,"Yes") -> 0.62601626
B26: 4. Among those who considered cancelling: main reason
B27: Reason | C27: Count | D27: % of considerers
B28: Decline in content quality | C28: =COUNTIFS('Raw Data'!$N$2:$N$134,B28,'Raw Data'!$M$2:$M$134,"Yes") -> 16 | D28: =C28/COUNTIF('Raw Data'!$M$2:$M$134,"Yes") -> 0.34782609
B29: Price increase | C29: =COUNTIFS('Raw Data'!$N$2:$N$134,B29,'Raw Data'!$M$2:$M$134,"Yes") -> 14 | D29: =C29/COUNTIF('Raw Data'!$M$2:$M$134,"Yes") -> 0.30434783
B30: Switched to another source | C30: =COUNTIFS('Raw Data'!$N$2:$N$134,B30,'Raw Data'!$M$2:$M$134,"Yes") -> 11 | D30: =C30/COUNTIF('Raw Data'!$M$2:$M$134,"Yes") -> 0.23913043
B31: Lack of time to read | C31: =COUNTIFS('Raw Data'!$N$2:$N$134,B31,'Raw Data'!$M$2:$M$134,"Yes") -> 5 | D31: =C31/COUNTIF('Raw Data'!$M$2:$M$134,"Yes") -> 0.10869565

Sheet Lifecycle - Development
B2: Customer Lifecycle — Development
B4: 1. Already subscribed to more than one magazine from the same publisher?
B5: Category | C5: Count | D5: % of respondents
B6: Yes | C6: =COUNTIFS('Raw Data'!$O$2:$O$134,B6,'Raw Data'!$B$2:$B$134,"Yes") -> 27 | D6: =C6/COUNTIF('Raw Data'!$B$2:$B$134,"Yes") -> 0.2195122
B7: No | C7: =COUNTIFS('Raw Data'!$O$2:$O$134,B7,'Raw Data'!$B$2:$B$134,"Yes") -> 96 | D7: =C7/COUNTIF('Raw Data'!$B$2:$B$134,"Yes") -> 0.7804878
B10: 2. Interested in a bundled offer
B11: Category | C11: Count | D11: % of respondents
B12: Yes | C12: =COUNTIFS('Raw Data'!$P$2:$P$134,B12,'Raw Data'!$B$2:$B$134,"Yes") -> 57 | D12: =C12/COUNTIF('Raw Data'!$B$2:$B$134,"Yes") -> 0.46341463
B13: Maybe, depends on price | C13: =COUNTIFS('Raw Data'!$P$2:$P$134,B13,'Raw Data'!$B$2:$B$134,"Yes") -> 45 | D13: =C13/COUNTIF('Raw Data'!$B$2:$B$134,"Yes") -> 0.36585366
B14: No | C14: =COUNTIFS('Raw Data'!$P$2:$P$134,B14,'Raw Data'!$B$2:$B$134,"Yes") -> 21 | D14: =C14/COUNTIF('Raw Data'!$B$2:$B$134,"Yes") -> 0.17073171
B17: 3. Which promotional offers would drive upgrade/renewal (multi-select)
B18: Promo offer | C18: Mentions | D18: % of valid respondents
B19: A price-lock guarantee against future increases | C19: =SUMPRODUCT(ISNUMBER(SEARCH(B19,'Raw Data'!$Q$2:$Q$134))*('Raw Data'!$B$2:$B$134="Yes")) -> 42 | D19: =C19/COUNTIF('Raw Data'!$B$2:$B$134,"Yes") -> 0.34146341
B20: Discounted multi-title bundle | C20: =SUMPRODUCT(ISNUMBER(SEARCH(B20,'Raw Data'!$Q$2:$Q$134))*('Raw Data'!$B$2:$B$134="Yes")) -> 39 | D20: =C20/COUNTIF('Raw Data'!$B$2:$B$134,"Yes") -> 0.31707317
B21: Exclusive extra digital content | C21: =SUMPRODUCT(ISNUMBER(SEARCH(B21,'Raw Data'!$Q$2:$Q$134))*('Raw Data'!$B$2:$B$134="Yes")) -> 37 | D21: =C21/COUNTIF('Raw Data'!$B$2:$B$134,"Yes") -> 0.30081301
B22: Extra free months on renewal | C22: =SUMPRODUCT(ISNUMBER(SEARCH(B22,'Raw Data'!$Q$2:$Q$134))*('Raw Data'!$B$2:$B$134="Yes")) -> 30 | D22: =C22/COUNTIF('Raw Data'!$B$2:$B$134,"Yes") -> 0.24390244
B23: Free gift or merchandise | C23: =SUMPRODUCT(ISNUMBER(SEARCH(B23,'Raw Data'!$Q$2:$Q$134))*('Raw Data'!$B$2:$B$134="Yes")) -> 24 | D23: =C23/COUNTIF('Raw Data'!$B$2:$B$134,"Yes") -> 0.19512195
B24: Referral rewards | C24: =SUMPRODUCT(ISNUMBER(SEARCH(B24,'Raw Data'!$Q$2:$Q$134))*('Raw Data'!$B$2:$B$134="Yes")) -> 19 | D24: =C24/COUNTIF('Raw Data'!$B$2:$B$134,"Yes") -> 0.15447154

Sheet International Comparison
B2: International Comparison
B4: Respondent exposure to international publications, to be read alongside the secondary research on Indian vs. international subscription pricing models in the Word report.
B7: Category | C7: Count | D7: % of respondents
B8: Yes, currently | C8: =COUNTIFS('Raw Data'!$U$2:$U$134,B8,'Raw Data'!$B$2:$B$134,"Yes") -> 23 | D8: =C8/COUNTIF('Raw Data'!$B$2:$B$134,"Yes") -> 0.18699187
B9: Yes, in the past | C9: =COUNTIFS('Raw Data'!$U$2:$U$134,B9,'Raw Data'!$B$2:$B$134,"Yes") -> 22 | D9: =C9/COUNTIF('Raw Data'!$B$2:$B$134,"Yes") -> 0.17886179
B10: No | C10: =COUNTIFS('Raw Data'!$U$2:$U$134,B10,'Raw Data'!$B$2:$B$134,"Yes") -> 78 | D10: =C10/COUNTIF('Raw Data'!$B$2:$B$134,"Yes") -> 0.63414634
B13: NPS: respondents with international exposure vs. without
B14: Group | C14: n | D14: NPS
B15: Has international exposure | C15: =COUNTIFS('Raw Data'!$U$2:$U$134,"<>No",'Raw Data'!$B$2:$B$134,"Yes") -> 45 | D15: =(COUNTIFS('Raw Data'!$U$2:$U$134,"<>No",'Raw Data'!$W$2:$W$134,"Promoter")-COUNTIFS('Raw Data'!$U$2:$U$134,"<>No",'Raw Data'!$W$2:$W$134,"Detractor"))/C15*100 -> -4.4444444
B16: No international exposure | C16: =COUNTIFS('Raw Data'!$U$2:$U$134,"No",'Raw Data'!$B$2:$B$134,"Yes") -> 78 | D16: =(COUNTIFS('Raw Data'!$U$2:$U$134,"No",'Raw Data'!$W$2:$W$134,"Promoter")-COUNTIFS('Raw Data'!$U$2:$U$134,"No",'Raw Data'!$W$2:$W$134,"Detractor"))/C16*100 -> 20.512821

Sheet Final Results
B2: Final Results — CRM Module
B4: Headline numbers behind the Word report. Full detail and live formulas are on each corresponding sheet.
B7: Metric | C7: Value
B8: Total responses collected | C8: =COUNTA('Raw Data'!$A$2:$A$134) -> 133
B9: Valid responses (screened in) | C9: =COUNTIF('Raw Data'!$B$2:$B$134,"Yes") -> 123
B10: Overall NPS | C10: ='Overall NPS'!C11 -> 11.382114
B11: % who seriously considered cancelling | C11: =COUNTIF('Raw Data'!$M$2:$M$134,"Yes")/COUNTIF('Raw Data'!$B$2:$B$134,"Yes") -> 0.37398374
B12: % subscribed to >1 title from same publisher | C12: =COUNTIF('Raw Data'!$O$2:$O$134,"Yes")/COUNTIF('Raw Data'!$B$2:$B$134,"Yes") -> 0.2195122
B13: % interested in a bundled offer (Yes) | C13: =COUNTIF('Raw Data'!$P$2:$P$134,"Yes")/COUNTIF('Raw Data'!$B$2:$B$134,"Yes") -> 0.46341463
B14: % with international publication exposure | C14: =COUNTIF('Raw Data'!$U$2:$U$134,"<>No")/COUNTIF('Raw Data'!$B$2:$B$134,"Yes") -> 0.38211382
B16: Segment leaderboard (NPS)
B17: See 'Segment Comparison' sheet for the full 6-title breakdown with churn, bundle interest and multi-title rate.
